iter	Logloss
0	0.6242673993
1	0.5917165279
2	0.5615843534
3	0.5336706638
4	0.4862917662
5	0.4450404644
6	0.408981204
7	0.3773297668
8	0.3494303823
9	0.3360929489
